Month,Day,WeekDay,HeadCount,TotalPresent,OnLeave,OnLeavePercentage,AttendancePercentage,Holiday,HolidayWeightage,NearHoliday
7,3,2,3243,2156,404,12.45760099,66.48165279,1,14,1
3,12,3,2313,1960,175,7.56593169,84.73843493,0,0,1
4,27,6,3293,2635,572,17.37017917,80.01822047,0,0,1
3,8,5,2202,496,250,11.35331517,22.52497729,1,50,1
6,9,4,1354,1147,101,7.459379616,84.71196455,0,0,0
1,6,3,3008,2713,251,8.344414894,90.19281915,0,0,0
12,27,6,,,,,90.19281915,0,0,0
